{"cameraMode":{"drawMode":0,"name":"Shaded","section":"Shading Mode"},"sceneLighting":true,"audioPlay":false,"sceneViewState":{"showFog":true,"showMaterialUpdate":false,"showSkybox":true,"showFlares":true,"showImageEffects":true,"showParticleSystems":true},"in2DMode":false,"pivot":{"x":53.79713821411133,"y":5.865512847900391,"z":66.67857360839844},"rotation":{"x":0.015726692974567415,"y":0.9376387596130371,"z":0.042786985635757449,"w":-0.34460943937301638},"size":5.215610504150391,"orthographic":true}