{"cameraMode":{"drawMode":0,"name":"Shaded","section":"Shading Mode"},"sceneLighting":true,"audioPlay":false,"sceneViewState":{"showFog":true,"showMaterialUpdate":false,"showSkybox":true,"showFlares":true,"showImageEffects":true,"showParticleSystems":true},"in2DMode":false,"pivot":{"x":2.5934948921203615,"y":4.7964582443237309,"z":14.941168785095215},"rotation":{"x":-0.006483655888587236,"y":0.983758270740509,"z":-0.036315906792879108,"w":-0.175666943192482},"size":5.215610504150391,"orthographic":true}