{"cameraMode":{"drawMode":0,"name":"Shaded","section":"Shading Mode"},"sceneLighting":false,"audioPlay":false,"sceneViewState":{"showFog":true,"showMaterialUpdate":true,"showSkybox":true,"showFlares":true,"showImageEffects":true,"showParticleSystems":true},"in2DMode":false,"pivot":{"x":23.880720138549806,"y":-6.954148769378662,"z":-6.5},"rotation":{"x":-0.1196172907948494,"y":-0.08121887594461441,"z":0.009820966050028801,"w":-0.9894436597824097},"size":67.96016693115235,"orthographic":false}